{"Hit@1":0.1178082191780822,"_step":0,"Hit@3":0.30684931506849317,"NDCG@3":0.22452496334638236,"_runtime":0,"Hit@5":0.4,"NDCG@5":0.26272173858220077,"alpha":0,"NDCG@1":0.1178082191780822,"_wandb":{"runtime":0},"_timestamp":1.7787559356736434e+09}