{"Hit@5":0.4,"_runtime":0,"alpha":0.5,"_timestamp":1.778566992030766e+09,"Hit@1":0.1178082191780822,"Hit@3":0.30684931506849317,"_wandb":{"runtime":0},"NDCG@1":0.1178082191780822,"_step":0,"NDCG@3":0.22452496334638236,"NDCG@5":0.26272173858220077}