{"_runtime":0,"NDCG@1":0.1178082191780822,"Hit@3":0.30684931506849317,"_timestamp":1.7787559501995215e+09,"Hit@1":0.1178082191780822,"alpha":0.1,"_step":0,"Hit@5":0.4,"_wandb":{"runtime":0},"NDCG@3":0.22452496334638236,"NDCG@5":0.26272173858220077}