{"_wandb":{"runtime":0},"NDCG@1":0.1178082191780822,"Hit@1":0.1178082191780822,"Hit@5":0.4,"NDCG@3":0.22452496334638236,"alpha":0.5,"_step":0,"NDCG@5":0.26272173858220077,"_runtime":0,"_timestamp":1.7787560051550016e+09,"Hit@3":0.30684931506849317}