{"Hit@5":0.4,"_timestamp":1.778755963602768e+09,"NDCG@3":0.22452496334638236,"NDCG@5":0.26272173858220077,"Hit@3":0.30684931506849317,"alpha":0.2,"_runtime":0,"Hit@1":0.1178082191780822,"_wandb":{"runtime":0},"_step":0,"NDCG@1":0.1178082191780822}