{"_wandb":{"runtime":0},"Hit@1":0.1178082191780822,"NDCG@3":0.22452496334638236,"_timestamp":1.778566978322329e+09,"_runtime":0,"Hit@5":0.4,"NDCG@5":0.26272173858220077,"_step":0,"Hit@3":0.30684931506849317,"alpha":0.4,"NDCG@1":0.1178082191780822}