{"NDCG@5":0.26272173858220077,"_step":0,"Hit@3":0.30684931506849317,"Hit@5":0.4,"alpha":0.1,"Hit@1":0.1178082191780822,"_timestamp":1.7785669371702688e+09,"NDCG@1":0.1178082191780822,"_wandb":{"runtime":0},"_runtime":0,"NDCG@3":0.22452496334638236}