{"_timestamp":1.7785670050696826e+09,"alpha":0.6,"NDCG@3":0.22452496334638236,"NDCG@1":0.1178082191780822,"_wandb":{"runtime":0},"Hit@1":0.1178082191780822,"Hit@5":0.4,"_runtime":0,"Hit@3":0.30684931506849317,"NDCG@5":0.26272173858220077,"_step":0}