{"_wandb":{"runtime":0},"NDCG@1":0.1178082191780822,"_step":0,"Hit@3":0.30684931506849317,"Hit@1":0.1178082191780822,"Hit@5":0.4,"NDCG@5":0.26272173858220077,"alpha":0.7,"_timestamp":1.7787560340329452e+09,"_runtime":0,"NDCG@3":0.22452496334638236}