{"_runtime":0,"_step":0,"Hit@1":0,"NDCG@5":0.03574788726679103,"NDCG@3":0.0244287897945211,"NDCG@1":0,"alpha":1,"Hit@5":0.07123287671232877,"_wandb":{"runtime":0},"_timestamp":1.778756076736259e+09,"Hit@3":0.043835616438356165}