{"_wandb":{"runtime":0},"_timestamp":1.7785670612226133e+09,"Hit@5":0.07123287671232877,"alpha":1,"Hit@3":0.043835616438356165,"NDCG@3":0.0244287897945211,"NDCG@5":0.03574788726679103,"_runtime":0,"NDCG@1":0,"Hit@1":0,"_step":0}