{"_step":0,"Hit@5":0.4,"NDCG@1":0.1178082191780822,"_timestamp":1.778566922563539e+09,"Hit@1":0.1178082191780822,"_runtime":2,"alpha":0,"Hit@3":0.30684931506849317,"_wandb":{"runtime":2},"NDCG@5":0.26272173858220077,"NDCG@3":0.22452496334638236}