{"alpha":1,"NDCG@3":0.0244287897945211,"_step":0,"_timestamp":1.7785099731194744e+09,"Hit@1":0,"NDCG@5":0.03574788726679103,"Hit@5":0.07123287671232877,"_wandb":{"runtime":0},"Hit@3":0.043835616438356165,"NDCG@1":0,"_runtime":0}