{"Hit@1":0.1178082191780822,"NDCG@5":0.26272173858220077,"NDCG@3":0.22452496334638236,"_runtime":1,"_step":0,"_wandb":{"runtime":1},"Hit@3":0.30684931506849317,"alpha":0,"Hit@5":0.4,"NDCG@1":0.1178082191780822,"_timestamp":1.778509827866952e+09}