{"_runtime":0,"Hit@5":0.4,"_wandb":{"runtime":0},"Hit@1":0.1178082191780822,"NDCG@1":0.1178082191780822,"Hit@3":0.30684931506849317,"NDCG@5":0.26272173858220077,"alpha":0.9,"NDCG@3":0.22452496334638236,"_step":0,"_timestamp":1.7785670475434124e+09}