{"Hit@5":0.4,"_step":0,"_timestamp":1.7787559781012335e+09,"_wandb":{"runtime":0},"Hit@3":0.30684931506849317,"Hit@1":0.1178082191780822,"_runtime":0,"NDCG@1":0.1178082191780822,"NDCG@3":0.22452496334638236,"alpha":0.3,"NDCG@5":0.26272173858220077}