{"NDCG@1":0.1178082191780822,"_timestamp":1.7785670337630296e+09,"Hit@1":0.1178082191780822,"_runtime":1,"alpha":0.8,"_step":0,"NDCG@5":0.26272173858220077,"Hit@5":0.4,"Hit@3":0.30684931506849317,"_wandb":{"runtime":1},"NDCG@3":0.22452496334638236}