{"_step":0,"Hit@3":0.30684931506849317,"_wandb":{"runtime":0},"_timestamp":1.7785099174997964e+09,"NDCG@3":0.22452496334638236,"NDCG@5":0.26272173858220077,"_runtime":0,"alpha":0.6,"NDCG@1":0.1178082191780822,"Hit@1":0.1178082191780822,"Hit@5":0.4}