{"Hit@1":0.1178082191780822,"_runtime":0,"_step":0,"Hit@3":0.30684931506849317,"NDCG@5":0.26272173858220077,"NDCG@1":0.1178082191780822,"_wandb":{"runtime":0},"NDCG@3":0.22452496334638236,"_timestamp":1.7785099040848927e+09,"Hit@5":0.4,"alpha":0.5}